web-scraper-order,web-scraper-start-url,pagination-selector,data,name,name2,name3,position,name4,data2,data3,data4,data5,data6,data7,position2,data8,image-src,image2-src
"1755095188-1","https://www.oddsagora.com.br/football/spain/laliga-2024-2025/results/","","16:00","Ath. Bilbao","Barcelona","Barcelona","3","Barcelona","16:00","9","3.15","2.08","–","0","3","0","/serve/images/team-logo/Homens/hxEqh383-fcDVLdrL.png?250812162815","/serve/images/team-logo/Homens/E3gwIRk9-vJb36ZBF.png?250812162815"
"1755095188-2","https://www.oddsagora.com.br/football/spain/laliga-2024-2025/results/","","11:15","Villarreal","Villarreal","Sevilla","4","Villarreal","4.14","9","1.74","1.74","–","4","2","4","/serve/images/team-logo/Homens/h0QSRGRc-tIT0KyhE.png?250812162815","/serve/images/team-logo/Homens/QZZkCuAK-GSuwY3p9.png?250812162815"
"1755095188-3","https://www.oddsagora.com.br/football/spain/laliga-2024-2025/results/","","09:00","Girona","Atl. Madrid","Atl. Madrid","4","Atl. Madrid","2.15","9","3.33","2.15","–","0","4","0","/serve/images/team-logo/Homens/IDEtC6BK-nLBjwR1F.png?250812162815","/serve/images/team-logo/Homens/4Mo7jQUE-vPm0hQMN.png?250812162815"
"1755095188-4","https://www.oddsagora.com.br/football/spain/laliga-2024-2025/results/","","16:00","Alavés","","Osasuna","","","2.35","9","3.21","3.11","–","1","1","1","/serve/images/team-logo/Homens/zwf5maRc-bZmYBGs9.png?250812162815","/serve/images/team-logo/Homens/zFwd9Lph-4U3vjZKk.png?250812162815"
"1755095188-5","https://www.oddsagora.com.br/football/spain/laliga-2024-2025/results/","","16:00","Getafe","Celta de Vigo","Celta de Vigo","2","Celta de Vigo","1.73","9","4.77","1.73","–","1","2","1","/serve/images/team-logo/Homens/GdqPUsVE-SOY3p1Si.png?250812162815","/serve/images/team-logo/Homens/f967ADnh-YmCZKGcR.png?250812162815"
"1755095188-6","https://www.oddsagora.com.br/football/spain/laliga-2024-2025/results/","","16:00","Rayo Vallecano","","Mallorca","","","7.01","9","1.47","4.31","–","0","0","0","/serve/images/team-logo/Homens/CtnAiE5n-rmDEjevK.png?250812162815","/serve/images/team-logo/Homens/fsBtkPQt-zZXXZMUi.png?250812162815"
"1755095188-7","https://www.oddsagora.com.br/football/spain/laliga-2024-2025/results/","","13:30","Espanyol","Espanyol","Las Palmas","2","Espanyol","8.06","9","1.37","1.37","–","2","0","2","/serve/images/team-logo/Homens/61SJx8mh-KreeekQh.png?250812162815","/serve/images/team-logo/Homens/AHP501j9-8GL0cHSF.png?250812162815"
"1755095188-8","https://www.oddsagora.com.br/football/spain/laliga-2024-2025/results/","","13:30","Leganés","Leganés","Valladolid","3","Leganés","8.66","9","1.33","1.33","–","3","0","3","/serve/images/team-logo/Homens/lUJaKX7n-htRvrFH6.png?250812162815","/serve/images/team-logo/Homens/pfK7VdUE-nDyT2xMM.png?250812162815"
"1755095188-9","https://www.oddsagora.com.br/football/spain/laliga-2024-2025/results/","","11:15","Real Madrid","Real Madrid","Real Sociedad","2","Real Madrid","7.33","9","1.35","1.35","–","2","0","2","/serve/images/team-logo/Homens/Gnb7KZTc-vJb36ZBF.png?250812162815","/serve/images/team-logo/Homens/E99TZ05n-fcDVLdrL.png?250812162815"
"1755095188-10","https://www.oddsagora.com.br/football/spain/laliga-2024-2025/results/","","16:00","Bétis","","Valencia","","","3.72","9","1.93","3.81","–","1","1","1","/serve/images/team-logo/Homens/tb10y0Rt-MHrRLNUo.png?250812162815","/serve/images/team-logo/Homens/W4K4TTmh-zkU5wiAr.png?250812162815"
"1755095188-11","https://www.oddsagora.com.br/football/spain/laliga-2024-2025/results/","","14:00","Atl. Madrid","Atl. Madrid","Bétis","4","Atl. Madrid","5.88","8","1.53","1.53","–","4","1","4","/serve/images/team-logo/Homens/W4K4TTmh-zkU5wiAr.png?250812162815","/serve/images/team-logo/Homens/IDEtC6BK-nLBjwR1F.png?250812162815"
"1755095188-12","https://www.oddsagora.com.br/football/spain/laliga-2024-2025/results/","","14:00","Barcelona","Villarreal","Villarreal","3","Villarreal","4.07","8","1.71","4.07","–","2","3","2","/serve/images/team-logo/Homens/QZZkCuAK-GSuwY3p9.png?250812162815","/serve/images/team-logo/Homens/hxEqh383-fcDVLdrL.png?250812162815"
"1755095188-13","https://www.oddsagora.com.br/football/spain/laliga-2024-2025/results/","","14:00","Celta de Vigo","Rayo Vallecano","Rayo Vallecano","2","Rayo Vallecano","4.25","8","1.89","4.25","–","1","2","1","/serve/images/team-logo/Homens/fsBtkPQt-zZXXZMUi.png?250812162815","/serve/images/team-logo/Homens/GdqPUsVE-SOY3p1Si.png?250812162815"
"1755095188-14","https://www.oddsagora.com.br/football/spain/laliga-2024-2025/results/","","14:00","Las Palmas","Leganés","Leganés","1","Leganés","2.21","8","3.25","2.21","–","0","1","0","/serve/images/team-logo/Homens/pfK7VdUE-nDyT2xMM.png?250812162815","/serve/images/team-logo/Homens/61SJx8mh-KreeekQh.png?250812162815"
"1755095188-15","https://www.oddsagora.com.br/football/spain/laliga-2024-2025/results/","","14:00","Mallorca","Getafe","Getafe","2","Getafe","3.46","8","2.44","3.46","–","1","2","1","/serve/images/team-logo/Homens/f967ADnh-YmCZKGcR.png?250812162815","/serve/images/team-logo/Homens/CtnAiE5n-rmDEjevK.png?250812162815"
"1755095188-16","https://www.oddsagora.com.br/football/spain/laliga-2024-2025/results/","","14:00","Osasuna","Osasuna","Espanyol","2","Osasuna","4.10","8","1.95","1.95","–","2","0","2","/serve/images/team-logo/Homens/AHP501j9-8GL0cHSF.png?250812162815","/serve/images/team-logo/Homens/zwf5maRc-bZmYBGs9.png?250812162815"
"1755095188-17","https://www.oddsagora.com.br/football/spain/laliga-2024-2025/results/","","14:00","Real Sociedad","Real Sociedad","Girona","3","Real Sociedad","4.92","8","1.73","1.73","–","3","2","3","/serve/images/team-logo/Homens/4Mo7jQUE-vPm0hQMN.png?250812162815","/serve/images/team-logo/Homens/Gnb7KZTc-vJb36ZBF.png?250812162815"
"1755095188-18","https://www.oddsagora.com.br/football/spain/laliga-2024-2025/results/","","14:00","Sevilla","Real Madrid","Real Madrid","2","Real Madrid","2.15","8","3.14","2.15","–","0","2","0","/serve/images/team-logo/Homens/E99TZ05n-fcDVLdrL.png?250812162815","/serve/images/team-logo/Homens/h0QSRGRc-tIT0KyhE.png?250812162815"
"1755095188-19","https://www.oddsagora.com.br/football/spain/laliga-2024-2025/results/","","14:00","Valencia","Ath. Bilbao","Ath. Bilbao","1","Ath. Bilbao","3.14","8","2.51","3.14","–","0","1","0","/serve/images/team-logo/Homens/E3gwIRk9-vJb36ZBF.png?250812162815","/serve/images/team-logo/Homens/tb10y0Rt-MHrRLNUo.png?250812162815"
"1755095188-20","https://www.oddsagora.com.br/football/spain/laliga-2024-2025/results/","","14:00","Valladolid","Alavés","Alavés","1","Alavés","1.64","8","5.81","1.64","–","0","1","0","/serve/images/team-logo/Homens/zFwd9Lph-4U3vjZKk.png?250812162815","/serve/images/team-logo/Homens/lUJaKX7n-htRvrFH6.png?250812162815"
"1755095188-21","https://www.oddsagora.com.br/football/spain/laliga-2024-2025/results/","","16:30","Espanyol","Barcelona","Barcelona","2","Barcelona","1.35","8","7.24","1.35","–","0","2","0","/serve/images/team-logo/Homens/hxEqh383-fcDVLdrL.png?250812162815","/serve/images/team-logo/Homens/AHP501j9-8GL0cHSF.png?250812162815"
"1755095188-22","https://www.oddsagora.com.br/football/spain/laliga-2024-2025/results/","","16:30","Getafe","Ath. Bilbao","Ath. Bilbao","2","Ath. Bilbao","2.92","8","3.20","2.92","–","0","2","0","/serve/images/team-logo/Homens/E3gwIRk9-vJb36ZBF.png?250812162815","/serve/images/team-logo/Homens/f967ADnh-YmCZKGcR.png?250812162815"
"1755095188-23","https://www.oddsagora.com.br/football/spain/laliga-2024-2025/results/","","14:00","Osasuna","Osasuna","Atl. Madrid","2","Osasuna","2.10","8","3.58","3.58","–","2","0","2","/serve/images/team-logo/Homens/IDEtC6BK-nLBjwR1F.png?250812162815","/serve/images/team-logo/Homens/zwf5maRc-bZmYBGs9.png?250812162815"
"1755095188-24","https://www.oddsagora.com.br/football/spain/laliga-2024-2025/results/","","14:00","Rayo Vallecano","","Bétis","","","2.31","8","3.18","3.26","–","2","2","2","/serve/images/team-logo/Homens/W4K4TTmh-zkU5wiAr.png?250812162815","/serve/images/team-logo/Homens/fsBtkPQt-zZXXZMUi.png?250812162815"
"1755095188-25","https://www.oddsagora.com.br/football/spain/laliga-2024-2025/results/","","16:30","Real Madrid","Real Madrid","Mallorca","2","Real Madrid","6.86","8","1.42","1.42","–","2","1","2","/serve/images/team-logo/Homens/CtnAiE5n-rmDEjevK.png?250812162815","/serve/images/team-logo/Homens/E99TZ05n-fcDVLdrL.png?250812162815"
"1755095188-26","https://www.oddsagora.com.br/football/spain/laliga-2024-2025/results/","","14:00","Alavés","Alavés","Valencia","1","Alavés","3.81","8","2.26","2.26","–","1","0","1","/serve/images/team-logo/Homens/tb10y0Rt-MHrRLNUo.png?250812162815","/serve/images/team-logo/Homens/zFwd9Lph-4U3vjZKk.png?250812162815"
"1755095188-27","https://www.oddsagora.com.br/football/spain/laliga-2024-2025/results/","","14:00","Villarreal","Villarreal","Leganés","3","Villarreal","9.11","8","1.31","1.31","–","3","0","3","/serve/images/team-logo/Homens/pfK7VdUE-nDyT2xMM.png?250812162815","/serve/images/team-logo/Homens/QZZkCuAK-GSuwY3p9.png?250812162815"
"1755095188-28","https://www.oddsagora.com.br/football/spain/laliga-2024-2025/results/","","16:30","Sevilla","Sevilla","Las Palmas","1","Sevilla","5.19","8","1.67","1.67","–","1","0","1","/serve/images/team-logo/Homens/61SJx8mh-KreeekQh.png?250812162815","/serve/images/team-logo/Homens/h0QSRGRc-tIT0KyhE.png?250812162815"
"1755095188-29","https://www.oddsagora.com.br/football/spain/laliga-2024-2025/results/","","15:00","Real Sociedad","Celta de Vigo","Celta de Vigo","1","Celta de Vigo","3.24","8","2.26","3.24","–","0","1","0","/serve/images/team-logo/Homens/GdqPUsVE-SOY3p1Si.png?250812162815","/serve/images/team-logo/Homens/Gnb7KZTc-vJb36ZBF.png?250812162815"
"1755095188-30","https://www.oddsagora.com.br/football/spain/laliga-2024-2025/results/","","14:00","Valladolid","Girona","Girona","1","Girona","1.71","8","4.71","1.71","–","0","1","0","/serve/images/team-logo/Homens/4Mo7jQUE-vPm0hQMN.png?250812162815","/serve/images/team-logo/Homens/lUJaKX7n-htRvrFH6.png?250812162815"
"1755095188-31","https://www.oddsagora.com.br/football/spain/laliga-2024-2025/results/","","11:15","Villarreal","Villarreal","Espanyol","1","Villarreal","11:15","8","1.39","1.39","–","1","0","1","/serve/images/team-logo/Homens/AHP501j9-8GL0cHSF.png?250812162815","/serve/images/team-logo/Homens/QZZkCuAK-GSuwY3p9.png?250812162815"
"1755095188-32","https://www.oddsagora.com.br/football/spain/laliga-2024-2025/results/","","16:30","Atl. Madrid","Atl. Madrid","Rayo Vallecano","3","Atl. Madrid","6.70","8","1.49","1.49","–","3","0","3","/serve/images/team-logo/Homens/fsBtkPQt-zZXXZMUi.png?250812162815","/serve/images/team-logo/Homens/IDEtC6BK-nLBjwR1F.png?250812162815"
"1755095188-33","https://www.oddsagora.com.br/football/spain/laliga-2024-2025/results/","","16:30","Bétis","Bétis","Valladolid","5","Bétis","14.75","8","1.17","1.17","–","5","1","5","/serve/images/team-logo/Homens/lUJaKX7n-htRvrFH6.png?250812162815","/serve/images/team-logo/Homens/W4K4TTmh-zkU5wiAr.png?250812162815"
"1755095188-34","https://www.oddsagora.com.br/football/spain/laliga-2024-2025/results/","","14:00","Leganés","","Girona","","","2.45","8","3.14","3.01","–","1","1","1","/serve/images/team-logo/Homens/4Mo7jQUE-vPm0hQMN.png?250812162815","/serve/images/team-logo/Homens/pfK7VdUE-nDyT2xMM.png?250812162815"
"1755095188-35","https://www.oddsagora.com.br/football/spain/laliga-2024-2025/results/","","14:00","Osasuna","Osasuna","Sevilla","1","Osasuna","3.53","8","2.29","2.29","–","1","0","1","/serve/images/team-logo/Homens/h0QSRGRc-tIT0KyhE.png?250812162815","/serve/images/team-logo/Homens/zwf5maRc-bZmYBGs9.png?250812162815"
"1755095188-36","https://www.oddsagora.com.br/football/spain/laliga-2024-2025/results/","","16:30","Alavés","Alavés","Real Sociedad","1","Alavés","3.37","8","2.34","2.34","–","1","0","1","/serve/images/team-logo/Homens/Gnb7KZTc-vJb36ZBF.png?250812162815","/serve/images/team-logo/Homens/zFwd9Lph-4U3vjZKk.png?250812162815"
"1755095188-37","https://www.oddsagora.com.br/football/spain/laliga-2024-2025/results/","","16:30","Getafe","Real Madrid","Real Madrid","1","Real Madrid","1.61","8","6.03","1.61","–","0","1","0","/serve/images/team-logo/Homens/E99TZ05n-fcDVLdrL.png?250812162815","/serve/images/team-logo/Homens/f967ADnh-YmCZKGcR.png?250812162815"
"1755095188-38","https://www.oddsagora.com.br/football/spain/laliga-2024-2025/results/","","14:00","Ath. Bilbao","Ath. Bilbao","Las Palmas","1","Ath. Bilbao","8.55","8","1.37","1.37","–","1","0","1","/serve/images/team-logo/Homens/61SJx8mh-KreeekQh.png?250812162815","/serve/images/team-logo/Homens/E3gwIRk9-vJb36ZBF.png?250812162815"
"1755095188-39","https://www.oddsagora.com.br/football/spain/laliga-2024-2025/results/","","14:00","Celta de Vigo","Celta de Vigo","Villarreal","3","Celta de Vigo","2.89","8","2.40","2.40","–","3","0","3","/serve/images/team-logo/Homens/QZZkCuAK-GSuwY3p9.png?250812162815","/serve/images/team-logo/Homens/GdqPUsVE-SOY3p1Si.png?250812162815"
"1755095188-40","https://www.oddsagora.com.br/football/spain/laliga-2024-2025/results/","","16:30","Barcelona","Barcelona","Mallorca","1","Barcelona","9.59","8","1.29","1.29","–","1","0","1","/serve/images/team-logo/Homens/CtnAiE5n-rmDEjevK.png?250812162815","/serve/images/team-logo/Homens/hxEqh383-fcDVLdrL.png?250812162815"
"1755095188-41","https://www.oddsagora.com.br/football/spain/laliga-2024-2025/results/","","14:00","Valencia","","Espanyol","","","4.08","8","1.98","3.29","–","1","1","1","/serve/images/team-logo/Homens/AHP501j9-8GL0cHSF.png?250812162815","/serve/images/team-logo/Homens/tb10y0Rt-MHrRLNUo.png?250812162815"
"1755095188-42","https://www.oddsagora.com.br/football/spain/laliga-2024-2025/results/","","16:00","Girona","Bétis","Bétis","3","Bétis","2.69","8","2.59","2.69","–","1","3","1","/serve/images/team-logo/Homens/W4K4TTmh-zkU5wiAr.png?250812162815","/serve/images/team-logo/Homens/4Mo7jQUE-vPm0hQMN.png?250812162815"
"1755095188-43","https://www.oddsagora.com.br/football/spain/laliga-2024-2025/results/","","16:00","Real Madrid","Real Madrid","Ath. Bilbao","1","Real Madrid","7.33","8","1.42","1.42","–","1","0","1","/serve/images/team-logo/Homens/E3gwIRk9-vJb36ZBF.png?250812162815","/serve/images/team-logo/Homens/E99TZ05n-fcDVLdrL.png?250812162815"
"1755095188-44","https://www.oddsagora.com.br/football/spain/laliga-2024-2025/results/","","13:30","Sevilla","","Alavés","","","4.25","8","2.07","2.95","–","1","1","1","/serve/images/team-logo/Homens/zFwd9Lph-4U3vjZKk.png?250812162815","/serve/images/team-logo/Homens/h0QSRGRc-tIT0KyhE.png?250812162815"
"1755095188-45","https://www.oddsagora.com.br/football/spain/laliga-2024-2025/results/","","11:15","Villarreal","","Real Sociedad","","","5.08","8","1.64","4.02","–","2","2","2","/serve/images/team-logo/Homens/Gnb7KZTc-vJb36ZBF.png?250812162815","/serve/images/team-logo/Homens/QZZkCuAK-GSuwY3p9.png?250812162815"
"1755095188-46","https://www.oddsagora.com.br/football/spain/laliga-2024-2025/results/","","09:00","Valladolid","Osasuna","Osasuna","3","Osasuna","1.75","8","4.97","1.75","–","2","3","2","/serve/images/team-logo/Homens/zwf5maRc-bZmYBGs9.png?250812162815","/serve/images/team-logo/Homens/lUJaKX7n-htRvrFH6.png?250812162815"
"1755095188-47","https://www.oddsagora.com.br/football/spain/laliga-2024-2025/results/","","16:00","Las Palmas","Las Palmas","Atl. Madrid","1","Las Palmas","1.61","8","5.61","5.61","–","1","0","1","/serve/images/team-logo/Homens/IDEtC6BK-nLBjwR1F.png?250812162815","/serve/images/team-logo/Homens/61SJx8mh-KreeekQh.png?250812162815"
"1755095188-48","https://www.oddsagora.com.br/football/spain/laliga-2024-2025/results/","","13:30","Mallorca","","Leganés","","","5.61","8","1.83","3.07","–","0","0","0","/serve/images/team-logo/Homens/pfK7VdUE-nDyT2xMM.png?250812162815","/serve/images/team-logo/Homens/CtnAiE5n-rmDEjevK.png?250812162815"
"1755095188-49","https://www.oddsagora.com.br/football/spain/laliga-2024-2025/results/","","11:15","Barcelona","Barcelona","Celta de Vigo","4","Barcelona","9.83","8","1.25","1.25","–","4","3","4","/serve/images/team-logo/Homens/GdqPUsVE-SOY3p1Si.png?250812162815","/serve/images/team-logo/Homens/hxEqh383-fcDVLdrL.png?250812162815"
"1755095188-50","https://www.oddsagora.com.br/football/spain/laliga-2024-2025/results/","","09:00","Rayo Vallecano","","Valencia","","","3.24","8","2.37","3.13","–","1","1","1","/serve/images/team-logo/Homens/tb10y0Rt-MHrRLNUo.png?250812162815","/serve/images/team-logo/Homens/fsBtkPQt-zZXXZMUi.png?250812162815"
"1755095188-51","https://www.oddsagora.com.br/football/spain/laliga-2024-2025/results/","","16:00","Espanyol","Espanyol","Getafe","1","Espanyol","3.17","8","2.78","2.78","–","1","0","1","/serve/images/team-logo/Homens/f967ADnh-YmCZKGcR.png?250812162815","/serve/images/team-logo/Homens/AHP501j9-8GL0cHSF.png?250812162815"
"1755095188-52","https://www.oddsagora.com.br/football/spain/laliga-2024-2025/results/","","16:00","Atl. Madrid","Atl. Madrid","Valladolid","4","Atl. Madrid","26.13","8","1.10","1.10","–","4","2","4","/serve/images/team-logo/Homens/lUJaKX7n-htRvrFH6.png?250812162815","/serve/images/team-logo/Homens/IDEtC6BK-nLBjwR1F.png?250812162815"
"1755095188-53","https://www.oddsagora.com.br/football/spain/laliga-2024-2025/results/","","16:00","Ath. Bilbao","Ath. Bilbao","Rayo Vallecano","3","Ath. Bilbao","5.01","8","1.84","1.84","–","3","1","3","/serve/images/team-logo/Homens/fsBtkPQt-zZXXZMUi.png?250812162815","/serve/images/team-logo/Homens/E3gwIRk9-vJb36ZBF.png?250812162815"
"1755095188-54","https://www.oddsagora.com.br/football/spain/laliga-2024-2025/results/","","13:30","Bétis","Villarreal","Villarreal","2","Villarreal","3.30","8","2.17","3.30","–","1","2","1","/serve/images/team-logo/Homens/QZZkCuAK-GSuwY3p9.png?250812162815","/serve/images/team-logo/Homens/W4K4TTmh-zkU5wiAr.png?250812162815"
"1755095188-55","https://www.oddsagora.com.br/football/spain/laliga-2024-2025/results/","","11:15","Alavés","Real Madrid","Real Madrid","1","Real Madrid","1.68","8","5.02","1.68","–","0","1","0","/serve/images/team-logo/Homens/E99TZ05n-fcDVLdrL.png?250812162815","/serve/images/team-logo/Homens/zFwd9Lph-4U3vjZKk.png?250812162815"
"1755095188-56","https://www.oddsagora.com.br/football/spain/laliga-2024-2025/results/","","09:00","Osasuna","Osasuna","Girona","2","Osasuna","2.99","8","2.51","2.51","–","2","1","2","/serve/images/team-logo/Homens/4Mo7jQUE-vPm0hQMN.png?250812162815","/serve/images/team-logo/Homens/zwf5maRc-bZmYBGs9.png?250812162815"
"1755095188-57","https://www.oddsagora.com.br/football/spain/laliga-2024-2025/results/","","16:00","Leganés","Barcelona","Barcelona","1","Barcelona","1.25","8","10.16","1.25","–","0","1","0","/serve/images/team-logo/Homens/hxEqh383-fcDVLdrL.png?250812162815","/serve/images/team-logo/Homens/pfK7VdUE-nDyT2xMM.png?250812162815"
"1755095188-58","https://www.oddsagora.com.br/football/spain/laliga-2024-2025/results/","","13:30","Celta de Vigo","Espanyol","Espanyol","2","Espanyol","5.83","8","1.62","5.83","–","0","2","0","/serve/images/team-logo/Homens/AHP501j9-8GL0cHSF.png?250812162815","/serve/images/team-logo/Homens/GdqPUsVE-SOY3p1Si.png?250812162815"
"1755095188-59","https://www.oddsagora.com.br/football/spain/laliga-2024-2025/results/","","11:15","Getafe","Las Palmas","Las Palmas","3","Las Palmas","5.41","8","1.69","5.41","–","1","3","1","/serve/images/team-logo/Homens/61SJx8mh-KreeekQh.png?250812162815","/serve/images/team-logo/Homens/f967ADnh-YmCZKGcR.png?250812162815"
"1755095188-60","https://www.oddsagora.com.br/football/spain/laliga-2024-2025/results/","","09:00","Real Sociedad","Mallorca","Mallorca","2","Mallorca","4.28","8","2.03","4.28","–","0","2","0","/serve/images/team-logo/Homens/CtnAiE5n-rmDEjevK.png?250812162815","/serve/images/team-logo/Homens/Gnb7KZTc-vJb36ZBF.png?250812162815"
"1755095188-61","https://www.oddsagora.com.br/football/spain/laliga-2024-2025/results/","","12:00","Barcelona","Barcelona","Valladolid","7","Barcelona","12:00","4","1.20","1.20","–","7","0","7","/serve/images/team-logo/Homens/lUJaKX7n-htRvrFH6.png?250812162815","/serve/images/team-logo/Homens/hxEqh383-fcDVLdrL.png?250812162815"
"1755095188-62","https://www.oddsagora.com.br/football/spain/laliga-2024-2025/results/","","16:30","Las Palmas","","Real Madrid","","","1.33","4","8.69","5.21","–","1","1","1","/serve/images/team-logo/Homens/E99TZ05n-fcDVLdrL.png?250812162815","/serve/images/team-logo/Homens/61SJx8mh-KreeekQh.png?250812162815"
"1755095188-63","https://www.oddsagora.com.br/football/spain/laliga-2024-2025/results/","","14:00","Girona","Girona","Osasuna","4","Girona","4.88","4","1.69","1.69","–","4","0","4","/serve/images/team-logo/Homens/zwf5maRc-bZmYBGs9.png?250812162815","/serve/images/team-logo/Homens/4Mo7jQUE-vPm0hQMN.png?250812162815"
"1755095188-64","https://www.oddsagora.com.br/football/spain/laliga-2024-2025/results/","","16:30","Atl. Madrid","","Espanyol","","","12.25","4","1.26","5.31","–","0","0","0","/serve/images/team-logo/Homens/AHP501j9-8GL0cHSF.png?250812162815","/serve/images/team-logo/Homens/IDEtC6BK-nLBjwR1F.png?250812162815"
"1755095188-65","https://www.oddsagora.com.br/football/spain/laliga-2024-2025/results/","","16:30","Real Sociedad","Alavés","Alavés","2","Alavés","6.42","4","1.59","6.42","–","1","2","1","/serve/images/team-logo/Homens/zFwd9Lph-4U3vjZKk.png?250812162815","/serve/images/team-logo/Homens/Gnb7KZTc-vJb36ZBF.png?250812162815"
"1755095188-66","https://www.oddsagora.com.br/football/spain/laliga-2024-2025/results/","","14:00","Ath. Bilbao","Ath. Bilbao","Valencia","1","Ath. Bilbao","5.00","4","1.71","1.71","–","1","0","1","/serve/images/team-logo/Homens/tb10y0Rt-MHrRLNUo.png?250812162815","/serve/images/team-logo/Homens/E3gwIRk9-vJb36ZBF.png?250812162815"
"1755095188-67","https://www.oddsagora.com.br/football/spain/laliga-2024-2025/results/","","14:00","Valladolid","","Leganés","","","3.86","4","2.17","2.96","–","0","0","0","/serve/images/team-logo/Homens/pfK7VdUE-nDyT2xMM.png?250812162815","/serve/images/team-logo/Homens/lUJaKX7n-htRvrFH6.png?250812162815"
"1755095188-68","https://www.oddsagora.com.br/football/spain/laliga-2024-2025/results/","","16:30","Rayo Vallecano","Barcelona","Barcelona","2","Barcelona","1.68","4","5.00","1.68","–","1","2","1","/serve/images/team-logo/Homens/hxEqh383-fcDVLdrL.png?250812162815","/serve/images/team-logo/Homens/fsBtkPQt-zZXXZMUi.png?250812162815"
"1755095188-69","https://www.oddsagora.com.br/football/spain/laliga-2024-2025/results/","","14:00","Mallorca","","Sevilla","","","3.36","4","2.26","3.14","–","0","0","0","/serve/images/team-logo/Homens/h0QSRGRc-tIT0KyhE.png?250812162815","/serve/images/team-logo/Homens/CtnAiE5n-rmDEjevK.png?250812162815"
"1755095188-70","https://www.oddsagora.com.br/football/spain/laliga-2024-2025/results/","","16:30","Villarreal","Villarreal","Celta de Vigo","4","Villarreal","4.79","4","1.65","1.65","–","4","3","4","/serve/images/team-logo/Homens/GdqPUsVE-SOY3p1Si.png?250812162815","/serve/images/team-logo/Homens/QZZkCuAK-GSuwY3p9.png?250812162815"
"1755095188-71","https://www.oddsagora.com.br/football/spain/laliga-2024-2025/results/","","16:30","Atl. Madrid","Atl. Madrid","Girona","3","Atl. Madrid","6.10","4","1.47","1.47","–","3","0","3","/serve/images/team-logo/Homens/4Mo7jQUE-vPm0hQMN.png?250812162815","/serve/images/team-logo/Homens/IDEtC6BK-nLBjwR1F.png?250812162815"
"1755095188-72","https://www.oddsagora.com.br/football/spain/laliga-2024-2025/results/","","14:15","Alavés","","Bétis","","","3.26","4","2.41","2.93","–","0","0","0","/serve/images/team-logo/Homens/W4K4TTmh-zkU5wiAr.png?250812162815","/serve/images/team-logo/Homens/zFwd9Lph-4U3vjZKk.png?250812162815"
"1755095188-73","https://www.oddsagora.com.br/football/spain/laliga-2024-2025/results/","","14:00","Leganés","Leganés","Las Palmas","2","Leganés","3.31","4","2.41","2.41","–","2","1","2","/serve/images/team-logo/Homens/61SJx8mh-KreeekQh.png?250812162815","/serve/images/team-logo/Homens/pfK7VdUE-nDyT2xMM.png?250812162815"
"1755095188-74","https://www.oddsagora.com.br/football/spain/laliga-2024-2025/results/","","12:00","Real Madrid","Real Madrid","Valladolid","3","Real Madrid","17.75","4","1.13","1.13","–","3","0","3","/serve/images/team-logo/Homens/lUJaKX7n-htRvrFH6.png?250812162815","/serve/images/team-logo/Homens/E99TZ05n-fcDVLdrL.png?250812162815"
"1755095188-75","https://www.oddsagora.com.br/football/spain/laliga-2024-2025/results/","","16:30","Espanyol","Real Sociedad","Real Sociedad","1","Real Sociedad","2.14","4","3.76","2.14","–","0","1","0","/serve/images/team-logo/Homens/Gnb7KZTc-vJb36ZBF.png?250812162815","/serve/images/team-logo/Homens/AHP501j9-8GL0cHSF.png?250812162815"
"1755095188-76","https://www.oddsagora.com.br/football/spain/laliga-2024-2025/results/","","16:30","Getafe","","Rayo Vallecano","","","3.17","4","2.65","2.72","–","0","0","0","/serve/images/team-logo/Homens/fsBtkPQt-zZXXZMUi.png?250812162815","/serve/images/team-logo/Homens/f967ADnh-YmCZKGcR.png?250812162815"
"1755095188-77","https://www.oddsagora.com.br/football/spain/laliga-2024-2025/results/","","14:00","Barcelona","Barcelona","Ath. Bilbao","2","Barcelona","5.25","4","1.57","1.57","–","2","1","2","/serve/images/team-logo/Homens/E3gwIRk9-vJb36ZBF.png?250812162815","/serve/images/team-logo/Homens/hxEqh383-fcDVLdrL.png?250812162815"
"1755095188-78","https://www.oddsagora.com.br/football/spain/laliga-2024-2025/results/","","12:00","Osasuna","Osasuna","Mallorca","1","Osasuna","3.31","4","2.32","2.32","–","1","0","1","/serve/images/team-logo/Homens/CtnAiE5n-rmDEjevK.png?250812162815","/serve/images/team-logo/Homens/zwf5maRc-bZmYBGs9.png?250812162815"
"1755095188-79","https://www.oddsagora.com.br/football/spain/laliga-2024-2025/results/","","16:30","Sevilla","Villarreal","Villarreal","2","Villarreal","3.19","4","2.16","3.19","–","1","2","1","/serve/images/team-logo/Homens/QZZkCuAK-GSuwY3p9.png?250812162815","/serve/images/team-logo/Homens/h0QSRGRc-tIT0KyhE.png?250812162815"
"1755095188-80","https://www.oddsagora.com.br/football/spain/laliga-2024-2025/results/","","14:00","Celta de Vigo","Celta de Vigo","Valencia","3","Celta de Vigo","3.56","4","2.14","2.14","–","3","1","3","/serve/images/team-logo/Homens/tb10y0Rt-MHrRLNUo.png?250812162815","/serve/images/team-logo/Homens/GdqPUsVE-SOY3p1Si.png?250812162815"
"1755095188-81","https://www.oddsagora.com.br/football/spain/laliga-2024-2025/results/","","16:30","Villarreal","","Atl. Madrid","","","2.09","4","3.36","3.53","–","2","2","2","/serve/images/team-logo/Homens/IDEtC6BK-nLBjwR1F.png?250812162815","/serve/images/team-logo/Homens/QZZkCuAK-GSuwY3p9.png?250812162815"
"1755095188-82","https://www.oddsagora.com.br/football/spain/laliga-2024-2025/results/","","14:00","Valladolid","Valladolid","Espanyol","1","Valladolid","3.69","4","2.29","2.29","–","1","0","1","/serve/images/team-logo/Homens/AHP501j9-8GL0cHSF.png?250812162815","/serve/images/team-logo/Homens/lUJaKX7n-htRvrFH6.png?250812162815"
"1755095188-83","https://www.oddsagora.com.br/football/spain/laliga-2024-2025/results/","","16:30","Mallorca","","Real Madrid","","","1.38","4","8.25","4.68","–","1","1","1","/serve/images/team-logo/Homens/E99TZ05n-fcDVLdrL.png?250812162815","/serve/images/team-logo/Homens/CtnAiE5n-rmDEjevK.png?250812162815"
"1755095188-84","https://www.oddsagora.com.br/football/spain/laliga-2024-2025/results/","","14:00","Real Sociedad","Rayo Vallecano","Rayo Vallecano","2","Rayo Vallecano","5.31","4","1.75","5.31","–","1","2","1","/serve/images/team-logo/Homens/fsBtkPQt-zZXXZMUi.png?250812162815","/serve/images/team-logo/Homens/Gnb7KZTc-vJb36ZBF.png?250812162815"
"1755095188-85","https://www.oddsagora.com.br/football/spain/laliga-2024-2025/results/","","16:30","Valencia","Barcelona","Barcelona","2","Barcelona","1.84","4","4.22","1.84","–","1","2","1","/serve/images/team-logo/Homens/hxEqh383-fcDVLdrL.png?250812162815","/serve/images/team-logo/Homens/tb10y0Rt-MHrRLNUo.png?250812162815"
"1755095188-86","https://www.oddsagora.com.br/football/spain/laliga-2024-2025/results/","","14:00","Osasuna","","Leganés","","","4.91","4","1.84","3.15","–","1","1","1","/serve/images/team-logo/Homens/pfK7VdUE-nDyT2xMM.png?250812162815","/serve/images/team-logo/Homens/zwf5maRc-bZmYBGs9.png?250812162815"
"1755095188-87","https://www.oddsagora.com.br/football/spain/laliga-2024-2025/results/","","16:30","Las Palmas","","Sevilla","","","2.79","4","2.59","3.15","–","2","2","2","/serve/images/team-logo/Homens/h0QSRGRc-tIT0KyhE.png?250812162815","/serve/images/team-logo/Homens/61SJx8mh-KreeekQh.png?250812162815"
"1755095188-88","https://www.oddsagora.com.br/football/spain/laliga-2024-2025/results/","","14:00","Celta de Vigo","Celta de Vigo","Alavés","2","Celta de Vigo","3.86","4","2.09","2.09","–","2","1","2","/serve/images/team-logo/Homens/zFwd9Lph-4U3vjZKk.png?250812162815","/serve/images/team-logo/Homens/GdqPUsVE-SOY3p1Si.png?250812162815"
"1755095188-89","https://www.oddsagora.com.br/football/spain/laliga-2024-2025/results/","","16:30","Bétis","","Girona","","","3.10","3","2.31","3.33","–","1","1","1","/serve/images/team-logo/Homens/4Mo7jQUE-vPm0hQMN.png?250812162815","/serve/images/team-logo/Homens/W4K4TTmh-zkU5wiAr.png?250812162815"
"1755095188-90","https://www.oddsagora.com.br/football/spain/laliga-2024-2025/results/","","14:00","Ath. Bilbao","","Getafe","","","6.93","3","1.59","3.53","–","1","1","1","/serve/images/team-logo/Homens/f967ADnh-YmCZKGcR.png?250812162815","/serve/images/team-logo/Homens/E3gwIRk9-vJb36ZBF.png?250812162815"
